Model,Train_Score,Test_Score,MSE,Cross_Val_Score
Linear Regression,0.765895119018207,0.735877370737019,0.1611791606054578,0.7052503768704023
Lasso Regression,0.0,-0.002937421725182743,0.6120362053965209,-0.006192020384052421
Ridge Regression,0.7607732517570973,0.7401785710961859,0.15855438034554248,0.7081792550538618
KNeighbors Regression,0.6843077527443245,0.6630390236238852,0.20562830031129725,0.6225742811721419
Decision Tree,0.7008563812762896,0.6413912333418794,0.21883872713596203,0.5623551042512589
Random Forest,0.843270950872451,0.7115222865017408,0.17604169640737427,0.6685680678484353
AdaBoost,0.605007698704411,0.5734745300232829,0.2602844649075706,0.5716843858537206
GradientBoost,0.8459432848268342,0.7498379961031234,0.15265977745258322,0.7303673527313033
Xgboost,0.8844618504697673,0.7039737194490269,0.1806481616115315,0.7264685285443461
